﻿<?xml version="1.0" encoding="utf-8"?><bwFonts xmlns:xsi="http://www.w3.org/2001/XMLSchema-instance" xmlns:xsd="http://www.w3.org/2001/XMLSchema" fontfactoryurl="story_content/FontFactory.swf"><font id="00" name="Sylfaen Charset1 5WSSIZgolFN"><glyphs><g i="0" c="384" p="#^zIzx%rIQx%OHQxCHGxCHBxFHCwkHgw5H0wuG$v%nw$v%ewzvtwhv7FHj%pBoisA2isAFhsAlhJAOg%0C8e%dCZd%XCZd%ZCae%rCwflCLflCWflCfgMCqg%gH8i%gHki%ByTt%uHTtbITtpIiuzIBuzIov" /><g i="1" c="385" p="#^ZPTv%RP$v%7M$v%7MXuILcvBKMvxJlwqIlwIGlwJFLudF2vSDMvPClwHBlwkAlwrzqvyyuuyy_s%yyzmyysmqysm%Cwemvwemvw6m%vwylvwqlBwql%BzWkKzUkRzUk%sAUk%zA0l%zAmszAWuJCWueDWucEBu4FhujF5uiFWtiFxt%iFzmiFsm9Fsm%lDemdDemdD6m%dDyldDqljDql%jGWktGUkzGUk%cHUkkHUkkH0l%kHmskHWuwJWuyKWu$L6u%$Lzm$LsmSLsm%3KemXJemXJ6m%XJylXJql2Kql%2NWkbNUkiNUk%UNUk0OUk0O0l%0OOu%dOXu%RP6vZP6vZPfv" /><g i="2" c="386" p="#^CJTvCJ$vwJ$v%GF$vxF$vxFTv%xFTueF5v1EJvSCowJBlwgAjwpzpvyyuuyy_s%yyzmyysmqysm%Cwemvwemvw6m%vwylvwqlBwql%BzWkKzUkRzUk%sAUkzAUkzA0l%zAlsBAWuOCWuRDWuxF_t%xFzmxFsmqFsm%DDemuDemuD6m%uDyluDqlBDql%BGWkJGUkRGUk%rHUkzHUkzH0l%zHRuzHZuHHZu%vJ9vCJ9vCJiv" /><g i="3" c="387" p="#^OPTvOPXvGP$v%cK$v4K$v4KTv%4Kfv4K6vcK6v%NLXuRLXuULQu%UL5pULgmCJgmOIgmfH7n%fHRv%4H$v%lF$v%dFTv%dF3vSEivPDUv1DlwKBlweAlwozmvyynuyyLs%yyzmyysmqysm%Cwemvwemvw6m%vwylvwqlBwql%BzWkKzUkRzUk%sAUkzAUkzA0l%zAgsAAqt8BauIBWuECWuJDWudFcu%dF0l%jFUk%7HUkfHUkfH0l%fH6m%PIhlNJNkzKNk8MNk1NRlWNVmWNSo%WNQuWNXu2OXu%GP6vOP6vOPfv" /><g i="4" c="388" p="#^TITvTISvKI$v%_E$v%_ETucEkvpDNviClwfBlweAlwwzFvHyTuHyut%Hy0gHyUfzyUf%CwIfvwIfvwzf%vw_evwSeBwSe%KzmeRzleYzle%zAleHAleHAte%HAdlOAklRAkl%HHklQHklQHsl%QHgmQHomHHom%PAom%HAwm%HAZsHAUu7CUuLCUu_E0u%_EUp%7FLp%RGLp%0HUp%0HTu5HXu8HXu%KI6vTI6vTIfv" /><g i="5" c="389" p="%^EFACwFHCyyHCyyzm#yysmqysmCwem#vwemvw6mvwyl#vwqlBwqlzzWk#JzUkPzUkpAUk#yAUkyA0lyADBrFDBEFOB" /></glyphs></font><font id="10" name="SylfaenBold Charset1 664zuwVDNXt"><glyphs><g i="0" c="384" p="#^EO8pEOyrhNRs_L4uGJ4uSE4uSElp%SExk%SBxk%SByuSBruJBru%HDDu3EDu3E_u%3EDv3E$vID$v%gx$vVw$vVwDv%Vw_uVwDuhxDu%nzrudzrudzyu%dzrgdzAgkzAg%gxngWwngWw$f%WwmfWw0fix0f%XD0fjE0fjEmf%jE$fjEngYDng%LBAgSBAgSBrg%SBWi%lHWi%lHnplHusFJusZLusZLbp%ZL9j%gMWi%gOWiEOWiEOij" /><g i="1" c="385" p="#^rJKv%aJ$v%9F$v%9FPu1EKv_DKv1DlwJBlwfAlwhzlvkylukyNs%kyrl%fzFj%gzNjryGjxxXiuw5iuw_guwMflx_edyceAzce%hAce%xAke%jBQf%aBag%GAng%oAlg1AbgGzbgmzbg7zqgRyFgRy1hRyEhuz4iZzqiuAxi%JBNi%JBmj%PAtl%PAbsOAsuHCsuBDsu9FFt%9Fvm9FDmgFDm%uDqm9Dqm9D3m%9Dvl9D8ltD8l%oGFkzGDkHGDk%hHDkFHDkFH_k%FHyu%BHvu%2JEurJEurJ0v" /><g i="2" c="386" p="#^4KIv%PJ$v%PH$v%PHaBPH2BGH2B%hJdBFJdBFJAB%FJbCFJzCiJzC%WDzCyDzCyDbC%yDAByDdBWDdB%tF2BkF2BkFaB%kF_okFqmfDqmsCqmYAanYAan_A8n%_ABu_AuuRAuu%oCEuMCEuMC0v%MCDvMC$voC$v%Vw$vxw$vxwDv%xw0vxwEuVwEu%EyuuvyuuvyBu%vyvmvyDmByDm%Qwqmuwqmuw3m%uwvluw8lPw8l%KzFkUzDk0ADk%CADk_ADk_A_k%_ANl%hCXk4DwkmEwkMFwkLGxlPHFmPHuo%PHsu%VJsu%4KPu" /><g i="3" c="387" p="#^LJDvLJ$voJ$v%0E$vED$vEDDv%ED0vEDEu0EEu%zFuuqFuuqFBu%qF_oqFRnSE5nlEqmjDqmcCqm_A8n%_AaB_A2BRA2B%oCdBMCdBMCAB%MCbCMCzCoCzC%VwzCxwzCxwbC%xwABxwdBVwdB%Ey2Bvy2BvyaB%vyvmvyDmByDm%Qwqmuwqmuw3m%uwvluw8lPw8l%KzFkUzDk0ADk%CADk_ADk_A_k%_ANlXACllCYkbDwkgEwkQFwkSGDlVHKmVHgo%VHBuVHuuNHuu%nJEuLJEuLJ0v" /><g i="4" c="388" p="#^LJDvLJ$voJ$v%0E$vED$vEDDv%ED0vEDEu0EEu%zFuuqFuuqFBu%qF_oqFRnSE5nlEqmjDqmcCqm_A8n%_ABu_AuuRAuu%oCEuMCEuMC0v%MCDvMC$voC$v%Vw$vxw$vxwDv%xw0vxwEuVwEu%EyuuvyuuvyBu%vyvmvyDmByDm%Qwqmuwqmuw3m%uwvluw8lPw8l%KzFkUzDk0ADk%CADk_ADk_A_k%_ANlXACllCYkbDwkgEwkQFwkSGDlVHKmVHgo%VHBuVHuuNHuu%nJEuLJEuLJ0v" /><g i="5" c="389" p="#^ZFDvZF$vAF$v%vy$v%vyvmvyDmByDm%Qwqmuwqmuw3m%uwvluw8lPw8l%KzFkUzDk0ADk%CADk_ADk_A_k%_Auu%CFuu%ZFJu" /><g i="6" c="390" p="#^4K1h%TJkh%kJkh%_IehFIkgVHkgSGkgSGshSGViBHQk%BHvu%BHvu%1JEupJEupJ0v%pJKv%8J$v%6F$v%6FUubF3vVDJvLCjwHBlwgAmwgznvgyougy_s%gyvmgyDmmyDm%Pwqmuwqmuw3m%uwvluw8lQw8l%tzFkEzDkNzDk%oADkLADkLA_k%LAbsLAsuGCsusDsu5FHt%5Feh5F_f_F7fXGcepIceWIceJJwe%QJLe" /><g i="7" c="391" p="#" /><g i="8" c="392" p="#^TIDvDISvRI$v%PE$v%PEUuxEevBDNvuClwpBlwiAlwIzGvEyLuEyht%Ey4gEybgKybg%Qw0guw0guwDf%uw3fuwJePwJe%Szee_zce7Ace%KAce5Bce5Bye%5B4l3B2l$A2l%IH2l5I2l5Ipl%5Icm5IAmIHAm%4BAm%5Bzm%5BNs5BrufCruQCruPEFt%PEGp%4Fnp%ZGnp%iHFp%iHyueHuu9Huu%KIEu7JEu7J0v" /><g i="9" c="393" p="#^JINpJIvs2HeukF$vwC$vJB$v_ANv%_Alx%nHlx%JHFx%JHFy%oHVy%_AVy%_ACA_AuAQAuA%JCFA6DFA6D0B%6DDB6D$BLC$B%Vw$Bxw$BxwDB%xw0BxwFAVwFA%EyuAvyuAvyCA%vyVy%VwVy%AwFy%AwEx%Xwlx%vylx%vyvmvyDmByDm%Qwqmuwqmuw3m%uwvluw8lPw8l%KzFkUzDk0ADk%CADk_ADk_A_k%_ATlfCwkgEwkjGwkzHamJIGnJINp^1Gtq1GPonFNnDEDmcDDm$BDm_Afn_Afn_Abn%_A$tpBsuJCsuiEsuaFot1Gls1Gtq" /><g i="10" c="394" p="#^4QKv%PP$v%PL$v%PLZuNLavLKIvAJlwqIlwBGlwIFMuqF0v4ELv0DlwQBlwnAlwrzmvvymuvyOs%vyvmvyDmByDm%Qwqmuwqmuw3m%uwvluw8lPw8l%KzFkUzDk0ADk%JADk%_AUk%_Abs_AsuRCsuiDsucE8u1FSt8FNt6FLt6Flt%6Fvm6FDmdFDm%qDqm4Dqm4D3m%4Dvl4D8lpD8l%kGFkvGDkCGDk%eHDkBHDkBH_k%BHbsBHsuvJsusKsuHLMt%HLvmHLDmMLDm%0KqmGJqmGJ3m%GJvlGJ8l$J8l%WMFk5NDkcNDk%ONDkaODkaO_k%aOsu%dOuu%HPEu4QEu4Q0v" /><g i="11" c="395" p="#^$ODvLOSvZO$v%0L$v%0LUu5L4v_JGvNInwxHlw$Fiw4Fkv9Emu9EOs%9EYo9EtmBCtmNBtm7BLm%7BaB7B2BZA2B%VCdBiDdBiDAB%iDbCiDzCXCzC%SwzCuwzCuwbC%uwABuwdBTwdB%Ny2BEy2BEyaB%Ey4gEybgKybg%Qw0guw0guwDf%uw3fuwJePwJe%Szee_zce7Ace%RAce%5Bte%5Bjl%4CLkzCwkzDwkeFwk2GSlEGRmEGdo%EG9sEGdt8HRtFHsuBIsuzJsu0LEt%0Lvm0LDm6LDm%kJqm_Iqm_I3m%_Ivl_I8ljJ8l%eMFkoMDkwMDk%7NDkvNDkvN_k%vNvu%SOEufPEufP0v" /><g i="12" c="396" p="#^lQbClQzC_PzC%VJzCwJzCwJbC%wJABwJdBWJdB%HL3B%JL2B%IL2B%IL0v%TKFvGJlwGIlwAGlwJFOuMFTukEHvfDlwMBlwlAlwrzqvvysuvyWs%vyvmvyDmByDm%Qwqmuwqmuw3m%uwvluw8lPw8l%KzFkUzDk0ADk%CADk_ADk_A_k%_Abs_AsuSCsukDsueE8u2FSt9FPt5FNt5F2t%5Fvm5FDmbFDm%rDqm6Dqm6D3m%6Dvl6D8lqD8l%lGFkwGDkDGDk%cHDkAHDkAH_k%AHrsBHuuyJsunKsuHLNt%HLvmHLDmMLDm%0KqmGJqmGJ3m%GJvlGJ8l$J8l%WMFk5NDkcNDk%ONDkaODkaO_k%aObBaO2B0O2B%YPdBlQdBlQAB" /><g i="13" c="397" p="#^WPDvWPTvBP$v%aK$vPJ$vPJDv%PJ0vPJEubKEu%KLuuDLuuBLyu%BL_oBLsmBJsmSIsmxHbn%xHJv%cH$v%iF$v%2FKv%2F4v6Ffv1ESvcDlwTBlwiAlwozjvvyguvyzs%vyvmvyDmByDm%Qwqmuwqmuw3m%uwvluw8lPw8l%KzFkUzDk0ADk%CADk_ADk_A_k%_Als_A8ttBOtZBsuMCsuMDsu2FRt%2FVk%fFDk%9HDkxHDkxH_k%xHPl%BI5lIJwkwKwkcMwk8NEl4OLm4OLo%4OBu4OuuXNuu%xPEuWPEuWP0v" /><g i="14" c="398" p="#^RJDvRJ$vvJ$v%KF$vmF$vmFDv%mFUuqF5vbEJv2DnwPBlwjAiwpzlvvynuvyOs%vyvmvyDmByDm%Qwqmuwqmuw3m%uwvluw8lPw8l%KzFkUzDk0ADk%CADk_ADk_A_k%_Aps$AsuVCsuTDsumFEt%mFvmmFDmsFDm%HDqmlDqmlD3m%lDvllD8lGD8l%BGFkLGDkUGDk%tHDkRHDkRH_k%RHCuRHvuIHvu%tJHuRJHuRJ3v" /><g i="15" c="399" p="%^ZFjCGFzCvyzCvyvm#vyDmByDmQwqm#uwqmuw3muwvl#uw8lPw8lIzFk#TzDk_zDkAADk#YADkYA_kYA1BBF1BZFkB" /><g i="16" c="400" p="#^NJDvNJ$vpJ$v%1E$vGD$vGDDv%GD0vGDEu2EEu%AFuutFuutFBu%tF_otFPn9FenrEqmvDqmFCqm4Bbn7Ban7B5n%7BBu7Buu_Auu%xCEuWCEuWC0v%WCDvWC$vxC$v%3x$vGw$vGwDv%Gw0vGwEu3xEu%NyuuEyuuEyBu%Ey4gEybgKybg%Qw0guw0guwDf%uw3fuwJePwJe%Szee_zce7Ace%LAce7Bce7Bye%7BNl%oCXkaDwkjEwkSFwkSGwlXHzmXHgo%XHBuXHuuPHuu%oJEuNJEuNJ0v" /><g i="17" c="401" p="#^YHxx$HECfCECiAECXyCBnxpAnxey%Ax_x%Ozfx%6Atx%jA9ygAgyeAky1AKy1A5z1ATzLAtAuB4BtC4BLD4BCEeAtFoztFZx%tFavrElwiClwEzlwbyIuNw8tNwvqNw$nnyim0AwkCCwk$EwkgGjl%EGMk%SGDk%JHDk%YHYk^tFyt%tFRmxE3mRC3mgB3mkArntzIotzwqtzksfAvt6BOuCCOulEOutFyt" /><g i="18" c="403" p="#^KJDvKJ$vmJ$v%_D$vDD$vDDDv%DD0vDDEu$DEu%xFuupFuupFBu%pF_opFSn8FfnpEmmpDmmfCmm7B$m%7BaB7B2BZA2B%VCdBiDdBiDAB%iDbCiDzCXCzC%SwzCuwzCuwbC%uwABuwdBTwdB%Ny2BEy2BEyaB%Ey4gEybgKybg%Qw0guw0guwDf%uw3fuwJePwJe%Szee_zce7Ace%KAce5Bce5Bye%5BJl3ByluCVkjDwkmEwkIFwkKGtlUHymUHgo%UHBuUHuuMHuu%lJEuKJEuKJ0v" /><g i="19" c="404" p="#^izSkpASkQATlYAbmYAxmYAcnsAGnXzaoizaoCyao7yHnExcnExxmExRl6ymlBySkizSk^iz1tpA1tQA1uYAluYAHuYAnvsARvXzlwizlwCylw7ySvExnvExHuEx$t6ywtBy1tiz1t" /><g i="20" c="405" p="#^_I0fmJ0fmJmf%mJcjmJBj_IBj%4IBjJHBjJHij%dHwgdHDglHDg%KBDgSBDgSBug%SBymSBrmKBrm%6Frm$Erm$Eym%eFzkeFfkCFfk%hGfkEGfkEGCk%EGXpEGjqhGjq%CFjqeFjqeF_p%$EUn$E$n6F$n%KB$nSB$nSBTn%SBvuSBnuKBnu%HHnuzHnuzHvu%3IMr3ItrqItr%lJtrIJtrIJPr%IJDvIJ$vlJ$v%gx$vVw$vVwDv%Vw_uVwDuhxDu%nzrudzrudzyu%dzughzAgkzAg%fxngVwngVw$f%VwmfVw0fgx0f" /><g i="21" c="406" p="#^UzFk3ADk5ADk%NADk9BDk9B_k%9BNlTBYkyDBk4EtkHEtk5Itk5Igo%5IBu5IuuYHuu%yJEuWJEuWJ0v%WJDvWJ$vyJ$v%bE$vPD$vPDDv%PD0vPDEucEEu%KFuuCFuuCFBu%CF_oCFLn8FUmJEAmzDAmaCAm7B7n6B7n9B2n%9BBu9Buu0Buu%yCEuXCEuXC0v%XCDvXC$vzC$v%4x$vIw$vIwDv%Iw0vIwEu5xEu%OyuuFyuuFyBu%FyvmFyDmMyDm%$wqmFwqmFw3m%FwvlFw8lZw8l" /><g i="22" c="407" p="#^UxrmUxAm$xAm%BwAmewAmewdm%ew6mewXlnwPl%wzEiIzsiUzsi%0AsinAsinAQi%nA4lnAZkeAZk%vDZkSDZkSDkl%SDcmSDAmvDAm%eAAmnAAmnArm%nA_snAvuHBvuLCvumD$tvDStJDUtPDVtYD$t%iEGukE_u8E7v9DOvrC1wuBlwvAlwozlwEyFvUxYuUxRt" /><g i="23" c="408" p="#^YB5meA5mJz2oyzFowz_o%0E_o7E5mYB5m^uzqqxz5snAdtjBuu5DuuzEuuOFIt_FAtfGHthGLtkGNt%IGruKGLuyGUunElw9ClwFzlwcyNuNwgtNwMqNwdo9ytmFzwkbCwkpEwkAFPlJG2nJGgpJGEpGG2qGGqqiGqq" /><g i="24" c="409" p="#^XDwkmEwkYEMkzF0lRFhlWFllZFvl0GJlUFSl%IEznyENnnENndENn7EHnFDdn7DdnrCdnVBRn%bBGo9BJo9BNo%9BBu9Bvu3Buu%7DFuuDHuuD0v%uDDvuD$v5D$v%4x$vIw$vIwDv%Iw0vIwEu5xEu%OyuuFyuuFyBu%FyvmFyDmMyDm%$wqmFwqmFw3m%FwvlFw8lZw8l%UzFk3ADk5ADk%NADk9BDk9B_k%9B$m%0CAlVCwkXDwk" /><g i="25" c="410" p="#^zBSkXBSkXBdl%XBRlXBbmCBbm%lAkmoAkmtAjm%6D_s%RF9mUFkmXFkm%GEbmlEbmlERl%lEdllESkKESk%GISk2JSk2Jdl%2JPl2JbmHIbm%mHkmqHjmsHgm%3DBwDAjCJyjCAyjCpydC%dx2B3xPAaxyA%tx3ACxWzNxWzSyWzqzCz3A1zTAPx6BgxJBSvLBQvIBIv%KxjmMxmmQxmm%pwbm5wbm5wRl%5wdl5wSkswSk" /><g i="26" c="411" p="#^eC3mNA3m4AhnwzhowzXpwzfteBpuRBOuJCOuqFOuqFTqqFVoMEEnXD3meC3m^xCwkeFwkJG6m9IFn9Ilq9IXsCGDu$ElwqClwLzlwfyKuNwatNwvqNwTnkydmVzwkxCwk" /><g i="27" c="412" p="#^WERuuDlwtBlwYzlw$ytv$xyu$x2t%$xvm$xDm6yDm%kwqm$vqm$v3m%$vvl$v8ljw8l%ezFkgzEkozDk%7ADkuADkuA_k%uAbsuAeuxCeuFDeuREwtREwtREzt%REvmREDmXEDm%aDqmQCqmQC3m%QCvlQC8laD8l%3GFk6GEkhGDk%YGDkkHDkkH_k%kHzukHsubHsu%YIEulJEulJ0v%lJAvlJVv1JXv%oFbw$EcwZERv" /><g i="28" c="413" p="#^FCUqIBZq2BarWAcrwAlrpzJrpz$spzkuKAku8BkuFB9u2C0uGCHtFCItFCLt^VCWuEBlwJzlwGxlwYwEuJw5uJwttJwirWyhqzz$p4AUpHBypFCtp%FCOnFC8m2B8m1A8mkzumkzumjzym%ZyioZyEoByEo%QxEotxEotxho%txzltxllMxdlKzwkwBwk7EwkWE7mdFKmdFDn%dFfudFbu9Fau%IGDuYGMu_GWu%_GqvTGLvFGLv%rDbw1Dbw1DSv" /><g i="29" c="414" p="#^Zw8l%UzFk3ADkbADk%NADk9BDk9B_k%9BNlACtksEtkpGtkcH1mOIAkYKAklOAklOno%lOBulOuucOuu%OPEubQEubQ0v%bQDvbQ$vOP$v%zK$vbK$vbKDv%bK0vbKEuzKEu%_LuuSLuuSLBu%SL5pSLHmSJHmwIHmFHenLHtnLHdo%LHBuLHuuCHuu%1JEupJEupJ0v%pJDvpJ$v1J$v%ZD$vBD$vBDDv%BD0vBDEuZDEu%oFuufFuufFBu%fF_ofFAmmDAmcCAm7B7n7B7n9B5n%9BBu9Buu0Buu%rCEuPCEuPC0v%PCDvPC$vrC$v%4x$vIw$vIwDv%Iw0vIwEu5xEu%OyuuFyuuFyBu%FyvmFyDmMyDm%$wqmFwqmFw3m%FwvlFw8lZw8l" /><g i="30" c="415" p="#^JzTepATeRAjfiBLfiBqgiB5hRAxhpAZhJzZh2zZhByyh8y6h8yqg8yLfByjf2zTeJzTe^1x$vFw$vFwDv%Fw0vFwEu2xEu%LyuuCyuuCyBu%CyvmCyDmJyDm%XwqmCwqmCw3m%CwvlCw8lWw8l%RzFkTzEk1ADk%KADk5BDk5B_k%5BBu5BuuYAuu%yCEuXCEuXC0v%XCDvXC$vzC$v" /><g i="31" c="416" p="#^PzeeVzce_zce%IAce4Bce4Bye%4BNlGCtkBEtk0Itk0Igo%0IBu0IuuTHuu%tJEuRJEuRJ0v%RJDvRJ$vuJ$v%6E$vKD$vKDDv%KD0vKDEu6EEu%FFuuxFuuxFBu%xF_oxFAmvDAmGCAmGBUmhB$m3B7n4B6n4B2n%4BBu4BuuXAuu%uCEuSCEuSC0v%SCDvSC$vuC$v%$w$vDw$vDwDv%Dw0vDwEu$wEu%KyuuByuuByBu%By4gBybgHybg%Nw0grw0grwDf%rw3frwJeMwJe" /><g i="32" c="417" p="#^Pw$vrw$vrwDv%rw0vrwEuQwEu%KyuuByuuByBu%BytmEyAmJyAm%VwAmxwAmxwcm%xwBlxwelVwel%Jy0lBy0lBy7l%By0kBy6jFyqiKyKhUych2zGgizggzzRfWzvfuAXerBAepCceLDce5EcexEfeZEiepFoeSFtehGBeJGIe2HQebHUefH$ekH6fkHcf%kHWhkHgiYGgi%2GgiWFgiOFbiGF5iGFYh%kFfgkFeghFcgcF8g0F4gQE0gAEZfkEVf3ETfODQfzDQfSCQfoC0gWBcgDBAglBXgcBxh4B7i4BZi%4B4l4BZkYAZk%TDZkbEZkmEYkyEXkQEWk%QGLkTGLkVGKkYGJk2HJk%EHJk0IJk0I4l%0IBu0IuuTHuu%tJEuRJEuRJ0v%RJDvRJ$vuJ$v%3E$vHD$vHDDv%HD0vHDEu3EEu%FFuuxFuuxFBu%xFrmxFAmFFAm%YAAm4BAm4Brm%4BBu4BuuXAuu%BCEu$CEu$C0v%$CDv$C$vCC$v%Pw$v" /><g i="33" c="418" p="#^By4gBybgHybg%Nw$frw$frwDf%rw1fxwJeMwJe%PzeeVzce_zce%IAce4Bce4Bye%4BBu4Bvu$Auu%VCFufDHufD0v%fDDvfD$vUC$v%Pw$vrw$vrwDv%rw0vrwEuQwEu%KyuuByuuByBu" /><g i="34" c="419" p="#^xEwmoEnmXDgmgD6mOC6m8B6mjA1nuzBouznquz0s_zVsQAeuiCeuvDeuvECtyEAtxEDt^LFeeRFceWFce%DGce0Hce0Hye%0Hzu0HsuTGsu%DIEu1JEu1J0v%1JAv1JVvIIXv%3FbwHEcwEERv%CEWu9DlwfBlwazlwVxFuNw8tNw3rNwioNylmdAwk_CwkKDwkxEKk%xE4gxEbgDEbg%JC0gmC0gmCDf%mC3fmCJeICJe" /><g i="35" c="420" p="#^QAlueBLuzCLuXELuEFcsTFprTFtqTFQofFPnxEDm2DDmWBDmKAjnQAgnQAbn^AzeeFzceLzce%sAceQAceQAye%QATl2Cwk6EwkaGwkqH9mAIGnAINpAIzsyGwu9FlwnClwnBlw7A0w3zLvlybv%ly4glybgrybg%xw0gbw0gbwDf%bw3fbwJewwJe" /><g i="36" c="421" p="#^_EPn0FLn1FLn1FOn$EJn%qEimsEmmwEmm%dDbmVCbmVCRl%VCdlVCSkhDSk%cISkAISkAIdl%AIRlAIbmfIbm%_Gkm1Hkm6Hhm%AJGs%1Mcm5Mkm8Mkm%TKbmzKbmzKRl%zKdlzKSkXKSk%TOSkfPSkfPdl%fPPlfPbmUObm%zNkmDNjmFNfm%FJ0wBJewlJew%JIewtIewoI0w%MFep%YC$vTCewCCew%2CewOBewJB0w%KximMxmmQxmm%pwbm5wbm5wRl%5wdl5wSkswSk%jBSkiBcliBRkXBRkXBdl%XBRlXBbmCBbm%lAkmoAkmtAim%ZCGs" /><g i="37" c="422" p="#^QIlx%CINx%JHNxoHvxoHixrHrwaHbw$G0wxG$v%qw$v%ewhvuwXuYEOj%tBEimAfimAHhmAkhEAKg%XB6e%fCQd%hDQd%kDie%OCGfJCSfJC_fJC9gECdg%yH$h%yHqi%2zqt%wHqtmIqtEIZtQIkuQI9v" /><g i="38" c="423" p="#^iCxuSCEtCDpsEEHqEEjpEE5o2EanlD3m4C3mrz3mrzaprzdq_zQqIArrrB3skCRskC9ukCquiCxu^nHfpnHUqMFPs5E9ufDmv%_AGxDz3zDz1ADz1B_C1B%OG1B%eHhB%eH8C%0HzC%KBzCszzCDyoCWw2CWwFAWwIzcyeyqy_x6Aww%_Asv$Akv$Abv$AAuEAbuqAYtKzytkyJsQx9sNw0rNwjpNw3njyLlMzwk2CwkJEwk8GZlnHfnnHfp" /><g i="39" c="424" p="#^VJHv%EJ$v%sF$v%9FIv%9FUu%hEov4DlwEBlwiAlwmzovnypunyTs%ny4gnybgtybg%Iw0gmw0gmwDf%mw3fmwJeHwJe%CzdeNzceUzce%uAceSAceSAye%SAbsSAsuMCsuKDsu9FGt%9FCm%aFDm%rDqm6Dqm6D3m%6Dvl6D8lqD8l%lGFkwGDkDGDk%hHDkFHDkFH_k%FHuu%LJuu%VJRu" /></glyphs></font><font id="20" name="Open SansBold Charset1 6g2Npj0sU5i"><glyphs><g i="0" c="384" p="%^NBxo3xxo3xSlNBSlNB5htE5htESlbJSlbJxotExotEdtNBdt" /><g i="1" c="385" p="%^3xam3xvjbJvjbJam^3xUq3xcobJcobJUq" /><g i="2" c="386" p="%^KwPqKwMniDMniDPq" /><g i="3" c="387" p="#^uDCk4GCkCH3m8Jvn8J1q8J0tiHEusFfw0Cfw2zfwdxhv%dx0sayxsszSsKAbtUBbtlFbtlFlqlFFnMBFn6BFnkANnzzVn3z2o%zxfn%ey9e%WH9e%WHmh%yBmh%dBSk%EBMkoCCkuDCk" /><g i="4" c="388" p="%^jG$vyC$vyCGlACZjEC6i#HB3jlBljhz$ktxJidD9ejG9e" /><g i="5" c="389" p="#^tJ$v%$w$v%$wnt%tBRosDOm3E0mHEelYEzkdFUjdF9jdF5iDEAh1E2h2D2h0C2h1Bwh3A_h$yTi%Xwrggyjf7zSe$zoe0B8e2CUdjDUd_EUdgGveyH6ffIdgZIjhZIJiZIYjxI2l5I7mbHgnhGoo_Duq%HBFs%HBQs%tJQs" /><g i="6" c="390" p="%^TJjsJHjsJH$v1E$v1EjsqwjsqwGpeE9eJH9eJHnpTJnp^1Enp1Elm#1EAl5E8k#9EIibEti5Eti#EDtj0DqkKznp" /><g i="7" c="391" p="#^TwqoTw7j6zyglBYdPFYdlHYdcI7e%cI8h7HVg3GVg7EVgUCuhGB3i3BdjsAmklAtm%vAtmIBpkmEpkLGpk6IVltJpntJ2qtJVsSHAufGfwoDfwpBfwXzkvtypuGxFsTwUqTwqo^jDetwEet9FqsPFCrPF5qPFOocF2oCEinoDineCinqB2oDANoDAMpDAdrnBes8CetjDet" /><g i="8" c="392" p="%^My$vsFlhFwlhFwaetJaetJxgJC$v" /><g i="9" c="393" p="#^8DWdIFWdgH5fRIfgRIdiRIBj4IGkkHKlEFAmEHEnwIPooJ_poJnroJztGHVuYFfw8DfwdAfwyy$uTwLtTwtrTwXpHxMovyAnhAGmMyIl5yCkqxvjqxciqxhg$y6fBAWd8DWd^mAfrmAis5BUsQBut5DutvEutbFTsUFgsUFhrUFsqcFLpwE1pYCdomAqpmAfr^7DHg9CHgzBbhZAGhZAviZAejrBPjVBok8D$klErkPESjiFgjiFviiFFhHEah4EHg7DHg" /><g i="10" c="394" p="#^oJMloJ2raHFtYEfwsAfwSyfw2y4w%2y2t3zjtbAjt4CjtiDLswEbs9F$qPFPpVFKn%MFKn3FTo7ElpcDPpPBPpuzPp8yjoOwPmOw9kOwhhqyDf3AYdSCYdREYdkGTePHOfBIzhoJjjoJMl^XC_gMB_g6BOhsABisA6ksApl2BamEBWmSCWm0EWmQEamEFplEFrkEF_iTE_h7E_gXC_g" /><g i="11" c="395" p="#^mJ4nmJLrQH$tiGfw7Dfw1AfwsyXtUwCrUw4nUwliqy6gYzTd7DTdcGTdNHdgmJzimJ4n^EA3nEAlqcBNrNBct7DctrEct0FMrCFjqCF3nCFNj0FmiqEWg7DWgOBWgdBmiEANjEA3n" /><g i="12" c="396" p="#^MI7iMIOjLHZkLG8mVEBm%VEFm4HWmbIZniJ0piJOqiJntqHPuzFfw5CfwbzfwXwhv%Xw4s_xBsdzXstAgtHBgtzDgtsEDslF_rlFAqlFjpjEOohDgo2Bgo%Hzgo%Hznl%3Bnl8Dnl5EQk3Fhk3FYi3FXgwCXgEBXgKAdhQzvhJyei%ZwEfpzUdOCUdzFUd9H0fMI7gMI7i" /></glyphs></font></bwFonts>